date,sector,1W,1M,3M,6M,12M
2026-09-09,반도체,2,1,7,1,1
2026-09-09,자동차,8,8,10,6,5
2026-09-09,은행,9,6,1,3,3
2026-09-09,증권,7,7,9,8,4
2026-09-09,건설,1,2,2,2,2
2026-09-09,철강,6,5,4,7,8
2026-09-09,에너지화학,3,4,3,4,6
2026-09-09,헬스케어,10,9,6,9,10
2026-09-09,2차전지,4,3,5,5,7
2026-09-09,방산,5,10,8,10,9
2026-09-13,반도체,2,2,8,1,1
2026-09-13,자동차,8,8,10,6,5
2026-09-13,은행,3,3,1,3,3
2026-09-13,증권,5,7,9,10,4
2026-09-13,건설,1,1,2,2,2
2026-09-13,철강,9,5,4,7,8
2026-09-13,에너지화학,7,6,3,4,6
2026-09-13,헬스케어,10,10,5,8,10
2026-09-13,2차전지,6,4,6,5,7
2026-09-13,방산,4,9,7,9,9
2026-10-05,반도체,2,1,7,1,1
2026-10-05,자동차,6,10,9,7,4
2026-10-05,은행,9,8,2,2,3
2026-10-05,증권,8,7,10,9,7
2026-10-05,건설,10,3,5,4,2
2026-10-05,철강,7,6,3,6,8
2026-10-05,에너지화학,1,2,1,3,6
2026-10-05,헬스케어,5,9,6,10,10
2026-10-05,2차전지,3,5,4,5,5
2026-10-05,방산,4,4,8,8,9
